id,domain_name,is_malicious,first_seen,last_seen,organization_id
1,upxvion.info,1,,,1
2,nexnxky.info,1,,,1
3,martkartout.info,1,,,1
4,marshmellowflowerscar.info,1,,,1
5,cornfieldblue.info,1,,,1
6,dropmicis.info,1,,,1
7,bloomwpp.info,1,,,1
8,o.mailsupportdesk.center,1,,,1
9,r.mailsupportdesk.center,1,,,1
10,www.mailsupportdesk.center,1,,,1
11,mangaraws1.plankopin.world,1,,,1
12,www.beta.plankopin.world,1,,,1
13,queenbcandles.plankopin.world,1,,,1
14,www.plankopin.world,1,,,1
15,www.jizyajan.shop,1,,,1
16,www.webmailchat.com,1,,,1
17,mail.nfinx.info,1,,,1
18,ns2.nfinx.info,1,,,1
19,www.ns2.nfinx.info,1,,,1
20,www.nfinx.info,1,,,1
21,ww99.mailerservice.directory,1,,,1
22,pemgowww.o.mailerservice.directory,1,,,1
23,ww7.mailerservice.directory,1,,,1
24,mail.mailerservice.directory,1,,,1
25,image.googlmail.cloud,1,,,1
26,mailcentre.googlmail.cloud,1,,,1
27,www.googlmail.cloud,1,,,1
28,m.googlmail.cloud,1,,,1
29,img.oyf9er.m0sina.com,1,,,1
30,www.m0sina.com,1,,,1
31,cpcontacts.m0sina.com,1,,,1
32,webmail.m0sina.com,1,,,1
33,www.android-cloud.net,1,,,1
34,www.xjtu-edu-cn.com,1,,,1
35,mail.xjtu-edu-cn.com,1,,,1
36,webmail.xjtu-edu-cn.com,1,,,1
37,rnail.xjtu-edu-cn.com,1,,,1
38,ns2.login-verifiction.com,1,,,1
39,mail.ebeijingcn.live,1,,,1
40,d0h43k4g06409t0ge8bg.ebeijingcn.live,1,,,1
41,d0hnmd4g0648ujo3qfi0.ebeijingcn.live,1,,,1
42,www.ebeijingcn.live,1,,,1
43,xxx.saicgovcn.xyz,1,,,1
44,ww12.saicgovcn.xyz,1,,,1
45,openvpn.saicgovcn.xyz,1,,,1
46,ww1.saicgovcn.xyz,1,,,1
47,hostmaster.hostmaster.hostmaster.ns1.voguextra.com,1,,,1
48,taikang.com.voguextra.com,1,,,1
49,mail.voguextra.com,1,,,1
50,www.voguextra.com,1,,,1
51,ns2.techwach.com,1,,,1
52,ns1.techwach.com,1,,,1
53,wwww.techwach.com,1,,,1
54,www.techwach.com,1,,,1
55,mail.authloginservice.com,1,,,1
56,webdisk.authloginservice.com,1,,,1
57,cpcontacts.authloginservice.com,1,,,1
58,cpanel.authloginservice.com,1,,,1
59,1m0.mail.sina.com.cn.vip.classic.asd389sd.webinfojsp.com,1,,,1
60,upgsrv.mail.nudt.edu.cn.coremailxt5.webinfojsp.com,1,,,1
61,www.mail12.gov.in.s3dfw34sfg.webinfojsp.com,1,,,1
62,zhmail.powerchinaa-intlll.coom.hl.cn.webinfojsp.com,1,,,1
63,box470.wordupdate.com,1,,,1
64,alfin2100.wordupdate.com,1,,,1
65,sajjad0.wordupdate.com,1,,,1
66,los40.wordupdate.com,1,,,1
67,upgrade.mail.coscon.authowaclassicmail.com,1,,,1
68,upgrade.mail.yicai.com.authowaclassicmail.com,1,,,1
69,upgrade.mail.sass.org.cn.authowaclassicmail.com,1,,,1
70,m0.mail.sina.com.cn.classic.index.php.authowaclassicmail.com,1,,,1
71,authsmtp.newstodayreviews.com,1,,,1
72,nmx2.newstodayreviews.com,1,,,1
73,www.newstodayreviews.com,1,,,1
74,mail.newstodayreviews.com,1,,,1
75,www.adhath-learning.com,1,,,1
76,cdrcb.com.authowawebmailgo.com,1,,,1
77,wwww.authowawebmailgo.com,1,,,1
78,www.authowawebmailgo.com,1,,,1
79,mail.firstout.org,1,,,1
80,webmail.firstout.org,1,,,1
81,status.firstout.org,1,,,1
82,www.firstout.org,1,,,1
83,www.login.czec.com.cn.jspsessionidrtgpdjifcnikrs.logonindexjsp.com,1,,,1
84,maill.163.com.logonindexjsp.com,1,,,1
85,www.logonindexjsp.com,1,,,1
86,auth.hhwebmail.login.mail.163.com.logonindexjsp.com,1,,,1
87,www.mfone.net,1,,,1
88,ruba-bakkour-facebook.blogspot.com,1,,,2
89,bashalalassad1sea.noip.me,1,,,2
90,facebook.blogspot.com,1,,,2
91,faccebookaccunt.blogspot.com,1,,,2
92,download-telegram.vercel.app,1,,,2
93,download-revo.vercel.app,1,,,2
94,chat.guardz.ru,1,,,2
95,chatsafe.tecnova.com.br,1,,,2
96,chatmode.us.to,1,,,2
97,chat.queerline.de,1,,,2
98,295.yao.cl,1,,,2
99,secureonline.info.tm,1,,,2
100,sex17.us.to,1,,,2
101,privatehd.us.to,1,,,2
102,chatsecure.uk.to,1,,,2
103,shamiamouhesni.mm.my,1,,,2
104,encryptit.qc.to,1,,,2
105,telegram.strangled.net,1,,,2
106,chatsecurelite.uk.to,1,,,2
107,android.nard.ca,1,,,2
108,basharalassad1sea.noip.me,1,,,2
109,telgram.strangled.net,1,,,2
110,chatsecurelite.us.to,1,,,2
111,www.orange2015.net,1,,,3
112,www.accountslogin.services,1,,,3
113,gombos.ru,1,,,3
114,humut.su,1,,,3
115,cudenpower.co,1,,,3
116,bomes.ru,1,,,3
117,deapproved.ru,1,,,3
118,orange2015.net,1,,,3
119,imagenil.com,1,,,3
120,www.imagenil.com,1,,,3
121,www.adobe-flashviewer.accountslogin.services,1,,,3
122,accountslogin.services,1,,,3
123,www.blueberry2017.com,1,,,3
124,infopicked.com,1,,,4
125,ngp1.infopicked.com,1,,,4
126,www.ru-id21387192837.com,1,,,4
127,p411324.infopicked.com,1,,,4
128,p25433.infopicked.com,1,,,4
129,p374865.infopicked.com,1,,,4
130,p102226.infopicked.com,1,,,4
131,ngp4.infopicked.com,1,,,4
132,p321539.infopicked.com,1,,,4
133,p340910.infopicked.com,1,,,4
134,p131675.infopicked.com,1,,,4
135,p420231.infopicked.com,1,,,4
136,p376122.infopicked.com,1,,,4
137,p397008.infopicked.com,1,,,4
138,p265797.infopicked.com,1,,,4
139,p424846.infopicked.com,1,,,4
140,p381245.infopicked.com,1,,,4
141,p389666.infopicked.com,1,,,4
142,p421832.infopicked.com,1,,,4
143,p421218.infopicked.com,1,,,4
144,p291922.infopicked.com,1,,,4
145,p394129.infopicked.com,1,,,4
146,p417936.infopicked.com,1,,,4
147,p330242.infopicked.com,1,,,4
148,p309496.infopicked.com,1,,,4
149,p52929.infopicked.com,1,,,4
150,p377843.infopicked.com,1,,,4
151,p245721.infopicked.com,1,,,4
152,p400089.infopicked.com,1,,,4
153,p328123.infopicked.com,1,,,4
154,p277439.infopicked.com,1,,,4
155,p368417.infopicked.com,1,,,4
156,p329076.infopicked.com,1,,,4
157,p421803.infopicked.com,1,,,4
158,p230710.infopicked.com,1,,,4
159,p178775.infopicked.com,1,,,4
160,p377977.infopicked.com,1,,,4
161,p251644.infopicked.com,1,,,4
162,p220333.infopicked.com,1,,,4
163,avg99.does-it.net,1,,,4
164,webmail.rhubarb2.com,1,,,5
165,bkmall.rhubarb2.com,1,,,5
166,mip.rhubarb2.com,1,,,5
167,m.rhubarb2.com,1,,,5
168,olcubfbuk6.dlstube.com,1,,,5
169,jnkeq.dlstube.com,1,,,5
170,rskxoj0fas.dlstube.com,1,,,5
171,vzcvd.dlstube.com,1,,,5
172,www.hainanbank.com.cn.fhjsdkla.com,1,,,5
173,webmail.fhjsdkla.com,1,,,5
174,mail.fhjsdkla.com,1,,,5
175,www.fhjsdkla.com,1,,,5
176,ww1.adobeseupdater.com,1,,,5
177,www.adobeseupdater.com,1,,,5
178,mail.rhubarb3.com,1,,,5
179,www.dldocuments.com,1,,,5
180,www.dlstube.com,1,,,5
181,mx.dlgmail.com,1,,,5
182,mta-sts.mail.androidupdaters.com,1,,,5
183,mail.adobeactiveupdate.com,1,,,5
184,ww.rhubarb2.com,1,,,5
185,mail.dlstubes.com,1,,,5
186,www.googleupdators.com,1,,,5
187,www.dlstubes.com,1,,,5
188,www.androidupdaters.com,1,,,5
189,www.rhubarb3.com,1,,,5
190,googleupdators.com,1,,,5
191,dlstubes.com,1,,,5
192,dlstube.com,1,,,5
193,adobeseupdater.com,1,,,5
194,adobeactiveupdates.com,1,,,5
195,adobeactiveupdate.com,1,,,5
196,rhubarb3.com,1,,,5
197,rhubarb2.com,1,,,5
198,dlgmail.com,1,,,5
199,androidupdaters.com,1,,,5
200,entekhab10.xp3.biz,1,,,5
201,www.new.young-spencer.com,1,,,6
202,www.young-spencer.com,1,,,6
203,gci.gooogel.org,1,,,6
204,ww12.gooogel.org,1,,,6
205,hostmaster.gooogel.org,1,,,6
206,mail.gooogel.org,1,,,6
207,webmail.upload909.net,1,,,6
208,www.upload909.net,1,,,6
209,im-inter.net,1,,,6
210,www.seomoi.net,1,,,6
211,ww12.seomoi.net,1,,,6
212,www.im-inter.net,1,,,6
213,mail.im-inter.net,1,,,6
214,smtp.im-inter.net,1,,,6
215,takdoc.im-inter.net,1,,,6
216,taikang.com.dslam.net,1,,,6
217,mail.dslam.net,1,,,6
218,wwww.dslam.net,1,,,6
219,www.dslam.net,1,,,6
220,ns2.london-sport.net,1,,,6
221,ns1.london-sport.net,1,,,6
222,www.london-sport.net,1,,,6
223,api.london-sport.net,1,,,6
224,www.sports-et-loisirs.net,1,,,6
225,www.leaf-japan.net,1,,,6
226,www.it-franch-result.info,1,,,6
227,ww12.it-franch-result.info,1,,,6
228,lo6.jasondixon.net,1,,,6
229,m.jasondixon.net,1,,,6
230,ww12.jasondixon.net,1,,,6
231,www.jasondixon.net,1,,,6
232,www.anime-con.net,1,,,6
233,mail.bbalignit.com,1,,,6
234,www.www.bbalignit.com,1,,,6
235,sitemap.bbalignit.com,1,,,6
236,m.bbalignit.com,1,,,6
237,mail.kora442.com,1,,,6
238,www.kora442.com,1,,,6
239,dragon.lapizachat.com,1,,,6
240,eeignwww.sitemaps.lapizachat.com,1,,,6
241,wwww.lapizachat.com,1,,,6
242,mail.lapizachat.com,1,,,6
243,mail.wislisapp.com,1,,,6
244,ww12.wislisapp.com,1,,,6
245,www.wislisapp.com,1,,,6
246,wwww.clemochat.com,1,,,6
247,ww12.clemochat.com,1,,,6
248,m.clemochat.com,1,,,6
249,www.clemochat.com,1,,,6
250,sitemaps.wobomov.com,1,,,6
251,m.wobomov.com,1,,,6
252,www.wobomov.com,1,,,6
253,cpcontacts.reblychat.com,1,,,6
254,cpcalendars.reblychat.com,1,,,6
255,m.reblychat.com,1,,,6
256,www.reblychat.com,1,,,6
257,mail.voevanil.com,1,,,6
258,www.voevanil.com,1,,,6
259,cpanel.wcup22qat.com,1,,,6
260,cpcontacts.wcup22qat.com,1,,,6
261,www.wcup22qat.com,1,,,6
262,www.acs-group.net,1,,,6
263,mail.acs-group.net,1,,,6
264,smtp.acs-group.net,1,,,6
265,ww.acs-group.net,1,,,6
266,www.gsstar.net,1,,,6
267,picramail.donald-grigg.site,1,,,6
268,ns6.donald-grigg.site,1,,,6
269,www.donald-grigg.site,1,,,6
270,ns1.donald-grigg.site,1,,,6
271,www.scott-chapin.com,1,,,6
272,mail.frances-thomas.com,1,,,6
273,webmail.frances-thomas.com,1,,,6
274,www.frances-thomas.com,1,,,6
275,www.pam-beesly.site,1,,,6
276,mail.grace-fraser.site,1,,,6
277,webmail.grace-fraser.site,1,,,6
278,www.grace-fraser.site,1,,,6
279,webmail.earlahenry.com,1,,,6
280,www.earlahenry.com,1,,,6
281,mail.earlahenry.com,1,,,6
282,www.ruthgreenrtg.live,1,,,6
283,www.deangelomcnay.news,1,,,6
284,www.rebecca-proctor.com,1,,,6
285,cpcontacts.wayne-lashley.com,1,,,6
286,ftp.wayne-lashley.com,1,,,6
287,shop.wayne-lashley.com,1,,,6
288,webdisk.wayne-lashley.com,1,,,6
289,cpcalendars.jane-chapman.com,1,,,6
290,webmail.jane-chapman.com,1,,,6
291,www.jane-chapman.com,1,,,6
292,mail.jane-chapman.com,1,,,6
293,mail.nicholasuhl.website,1,,,6
294,www.nicholasuhl.website,1,,,6
295,a.juliansturgill.info,1,,,6
296,ns2.katesacker.club,1,,,6
297,ns4.katesacker.club,1,,,6
298,ns8.katesacker.club,1,,,6
299,ns1.katesacker.club,1,,,6
300,download.pubs.sawarim.xyz,1,,,7
301,server2.sawarim.com,1,,,7
302,download2.pubs.sawarim.com,1,,,7
303,download.pubs.sawarim.com,1,,,7
304,go.sawarim.com,1,,,7
305,download3.pubs.sawarim.com,1,,,7
306,mail.androids-app.com,1,,,7
307,www.sawar.im,1,,,7
308,www.sawarim.com,1,,,7
309,go.sawarim.net,1,,,7
310,pubs.sawarim.xyz,1,,,7
311,www.isdarats.pw,1,,,7
312,www.samd1.duckdns.org,1,,,7
313,www.sawarim.net,1,,,7
314,www.btcaes2.duckdns.org,1,,,7
315,www.da3da3.duckdns.org,1,,,7
316,www.sorry.duckdns.org,1,,,7
317,sawarim.com,1,,,7
318,sawarim.xyz,1,,,7
319,go.sawarim.xyz,1,,,7
320,pubs.sawarim.com,1,,,7
321,go.sawar.im,1,,,7
322,sawar.im,1,,,7
323,pubs.sawar.im,1,,,7
324,isdarats.com,1,,,7
325,sawarim.pw,1,,,7
326,www.sawarim.pw,1,,,7
327,www.androids-app.com,1,,,7
328,sawarim.net,1,,,7
329,snapcard.argia.co.id,1,,,7
330,androids-app.com,1,,,7
331,sooma-in-heart.dyndns.org,1,,,7
332,miracl-jewll.dyndns.org,1,,,7
333,ttdl3.dynu.net,1,,,8
334,5bb2593a.space,1,,,8
335,cc7a6992.site,1,,,8
336,69843bb8.space,1,,,8
337,709f0af9.space,1,,,8
338,bb7d5904.site,1,,,8
339,acbde077.site,1,,,8
340,42a9687b.space,1,,,8
341,42a9687b.top,1,,,8
342,227408be.site,1,,,8
343,5bb2593a.top,1,,,8
344,d9fc6eb8.site,1,,,8
345,49437329.site,1,,,8
346,3e4443bf.site,1,,,8
347,69843bb8.top,1,,,8
348,a74d1205.site,1,,,8
349,709f0af9.top,1,,,8
350,801c16eb.top,1,,,8
351,07840a24.space,1,,,8
352,1e9f3b65.top,1,,,8
353,8bb28844.top,1,,,8
354,35b268a6.space,1,,,8
355,1e9f3b65.space,1,,,8
356,8bb28844.space,1,,,8
357,801c16eb.space,1,,,8
358,07840a24.top,1,,,8
359,35b268a6.top,1,,,8
360,box4055.net,1,,,8
361,box4090.net,1,,,8
362,box4072.net,1,,,8
363,2fe55007.xyz,1,,,8
364,884896da.privatedns.org,1,,,8
365,2d15f920.privatedns.org,1,,,8
366,62546fe7.privatedns.org,1,,,8
367,8b9d781a.xyz,1,,,8
368,b6ec01bd.xyz,1,,,8
369,5dad7614.xyz,1,,,8
370,c1eb312b.xyz,1,,,8
371,58e26091.xyz,1,,,8
372,b4ced321.xyz,1,,,8
373,c3c9e3b7.xyz,1,,,8
374,5ac0b20d.xyz,1,,,8
375,2dc7829b.xyz,1,,,8
376,5b02d83a.xyz,1,,,8
377,cbbdc5ab.xyz,1,,,8
378,ee4b1e5a.xyz,1,,,8
379,00457f76.xyz,1,,,8
380,0203c12f.xyz,1,,,8
381,www.moltqana.com,1,,,9
382,egchaat.com,1,,,9
383,voly.ddns.ne,1,,,9
384,www.synologyupdates.com,1,,,10
385,www.babmaftuh.com,1,,,10
386,www2.uaefinance.org,1,,,10
387,www.alwatantrade.com,1,,,10
388,www.shayalyawm.com,1,,,10
389,notify.growlupdate.com,1,,,10
390,wnupdnew.com,1,,,10
391,srv18.banner-add.com,1,,,10
392,mslove.mypressonline.com,1,,,12
393,mmksba100.linkpc.net,1,,,12
394,garant-help.com,1,,,12
395,formore.for-more.biz,1,,,12
396,martnews.aba.ae,1,,,12
397,adamnews.for.ug,1,,,12
398,israanews.zz.com.ve,1,,,12
399,mmksba.simple-url.com,1,,,12
400,mmksba.dyndns.org,1,,,12
401,fateh.aba.ae,1,,,12
402,taskandpurpose.icu,1,,,12
403,pesthacks.icu,1,,,13
404,sweetgeorgiayarns.online,1,,,13
405,punandjokes.icu,1,,,13
406,curseforge.icu,1,,,13
407,medpagetoday.icu,1,,,13
408,kitchengardenseeds.icu,1,,,13
409,pigglywigglystores.shop,1,,,13
410,sciencealert.shop,1,,,13
411,americandeliriumsociety.shop,1,,,13
412,everythingandthedog.shop,1,,,13
413,lansdownecentre.shop,1,,,13
414,medicalnewstoday.shop,1,,,13
415,ikitas.shop,1,,,13
416,moonlightmixes.shop,1,,,13
417,penandthepad.shop,1,,,13
418,utahsadventurefamily.shop,1,,,13
419,connecticutchildrens.shop,1,,,13
420,foampartyhats.shop,1,,,13
421,eartheclipse.shop,1,,,13
422,bryndonovan.shop,1,,,13
423,chaptercheats.shop,1,,,13
424,physio-pedia.shop,1,,,13
425,clairedeco.shop,1,,,13
426,kingarthurbaking.shop,1,,,13
427,twisterplussize.shop,1,,,13
428,lauramcinerney.shop,1,,,13
429,empoweringparents.shop,1,,,13
430,simonandschuster.shop,1,,,13
431,bourns.space,1,,,13
432,yotsubasociety.website,1,,,13
433,walidacja-konta.space,1,,,13
434,interia.sprawdzanie-konta.space,1,,,13
435,kontrola-bezpieczenstwa.website,1,,,13
436,poczta.kontrola-bezpieczenstwa.site,1,,,13
437,hmgo.pw,1,,,13
438,ao3.hmgo.pw,1,,,13
439,2ld.xyz,1,,,14
440,the-haba.com,1,,,14
441,nic.mywire.org,1,,,14
442,safebrowsing.gleeze.com,1,,,14
443,wlsts.net,1,,,14
444,updatecloud.sytes.net,1,,,14
445,update.xn,1,,,14
446,upd.re,1,,,14
447,time.servehttp.com,1,,,14
448,statad.de,1,,,14
449,webmail.uatoday.website,1,,,15
450,cdrcb.com.uatoday.website,1,,,15
451,uatoday.website,1,,,15
452,24ua.website,1,,,15
453,cdn1186.site,1,,,15
454,sinoptik.website,1,,,15
455,depo.host,1,,,15
456,w0x.host,1,,,15
457,mytv.host,1,,,15
458,inforesist.press,1,,,15
459,rst.website,1,,,15
460,windowsupdate.kiev.ua,1,,,15
461,olx.website,1,,,15
462,news24ua.info,1,,,15
463,novaposhta.website,1,,,15
464,akamainet067.info,1,,,15
465,www.163provider.com,1,,,17
466,www.163mailcenter.net,1,,,17
467,webdisk.ai-module-certification.com,1,,,17
468,taikang.com.ai-module-certification.com,1,,,17
469,mail.ai-module-certification.com,1,,,17
470,webmail.ai-module-certification.com,1,,,17
471,mail.safetymodule-check.com,1,,,17
472,webmail.safetymodule-check.com,1,,,17
473,www.safetymodule-check.com,1,,,17
474,webdisk.safetymodule-check.com,1,,,17
475,163provider.com,1,,,17
476,mail163.netaese.net,1,,,17
477,tokyouni.beginner.curriculum.enc2global.com,1,,,17
478,club.mail.sina.com.cn.plugin-verification.com,1,,,17
479,www.attachment-download.netease-service.com,1,,,17
480,ai-module-certification.com,1,,,17
481,safetymodule-check.com,1,,,17
482,verify-server.neteasemail.safetymodule-check.com,1,,,17
483,www.attachment-download.netease-service.comclub.mail.sina.com.cn.plugin-verification.comtokyouni.beginner.curriculum.enc2global.comemail-smtp-protocol-update-notification.safetymodule-check.com,1,,,17
484,test.enc2global.com,1,,,17
485,email-smtp-protocol-update-notification.safetymodule-check.com,1,,,17
486,authentication-services.zzux.com,1,,,17
487,www.caac-cn.org,1,,,18
488,wwww.caac-cn.org,1,,,18
489,hrbeu.edu.cn.360urlscan.com,1,,,18
490,uiudismart-gateway.pku.edu.cn.360urlscan.com,1,,,18
491,huwycsmart-gateway.pku.edu.cn.360urlscan.com,1,,,18
492,www.360urlscan.com,1,,,18
493,www.caac-cn.com,1,,,18
494,vip.webemail163.com,1,,,18
495,mail.webemail163.com,1,,,18
496,test.cube-163.com,1,,,18
497,mail.csrc-prc.org,1,,,18
498,www.afuaty126.com,1,,,18
499,www.dutiaor126.com,1,,,18
500,www.ideoaer126.net,1,,,18
501,ww12.ideoaer126.net,1,,,18
502,www.edu-cn.co,1,,,18
503,zz-mgmt-as.edu-cn.co,1,,,18
504,www.humu.edu-cn.co,1,,,18
505,mails.tsinghua.edu-cn.co,1,,,18
506,www.aertuky126.com,1,,,18
507,www.rec126mail.com,1,,,18
508,www.hwu163.com,1,,,18
509,www.linkshop163.com,1,,,18
510,apps.lirnkmail163.com,1,,,18
511,remote.lirnkmail163.com,1,,,18
512,agent.lirnkmail163.com,1,,,18
513,www.lirnkmail163.com,1,,,18
514,www.actoreyeah126.com,1,,,18
515,www.www.airsation188.com,1,,,18
516,www.airsation188.com,1,,,18
517,www.hwmailyeah.net,1,,,18
518,1.new126.com,1,,,18
519,mail.new126.com,1,,,18
520,www.shop.new126.com,1,,,18
521,www.new126.com,1,,,18
522,www.hwt163.com,1,,,18
523,www.tghu126.com,1,,,18
524,www.www.hwimail163.com,1,,,18
525,www.hwimail163.com,1,,,18
526,www.g0v.cq.cn,1,,,18
527,ns2.g0v.cq.cn,1,,,18
528,webmail.send-mailbox.online,1,,,18
529,linkin.send-mailbox.online,1,,,18
530,pplogin.send-mailbox.online,1,,,18
531,www.send-mailbox.online,1,,,18
532,www.www.checkon-163.com,1,,,18
533,www.checkon-163.com,1,,,18
534,m.checkon-163.com,1,,,18
535,filedownload.count-ly-attach-163.com,1,,,18
536,www.count-ly-attach-163.com,1,,,18
537,consi.count-ly-attach-163.com,1,,,18
538,webmail.mraden.com,1,,,18
539,smtp.mraden.com,1,,,18
540,imap.mraden.com,1,,,18
541,wwww.mraden.com,1,,,18
542,www.chlnacdmail.com,1,,,18
543,mail.sina.cn.filesweb.site,1,,,18
544,www.filesweb.site,1,,,18
545,mailin.clouddrive.space,1,,,18
546,my.clouddrive.space,1,,,18
547,hostmaster.clouddrive.space,1,,,18
548,www.clouddrive.space,1,,,18
549,www.impotion.site,1,,,18
550,qiyebj.email.recertifiid.com,1,,,18
551,emiqiye.email.recertifiid.com,1,,,18
552,www.recertifiid.com,1,,,18
553,www.fastzonemail.com,1,,,18
554,www.count126.com,1,,,18
555,woodman.hwe163.com,1,,,18
556,webmail.hwe163.com,1,,,18
557,www.hwe163.com,1,,,18
558,www.zgcb.website,1,,,18
559,aaa.zgcb.website,1,,,18
560,webmail.email-box-sina.com,1,,,18
561,www.email-box-sina.com,1,,,18
562,www.mailbox-sohu.com,1,,,18
563,webmail.mailbox-sohu.com,1,,,18
564,webmail.mail-box-sina.com,1,,,18
565,www.mail-box-sina.com,1,,,18
566,www.hw-l26.com,1,,,18
567,webmail.hw-l26.com,1,,,18
568,www.hw-mail-l26.com,1,,,18
569,webmail.hw-mail-l26.com,1,,,18
570,www.email-box-qq.com,1,,,18
571,webmail.email-box-qq.com,1,,,18
572,www.mail-l26.com,1,,,18
573,webmail.mail-l26.com,1,,,18
574,www.ntransferfile.com,1,,,18
575,www.u-163.com,1,,,18
576,www.kangzhiq.com,1,,,18
577,www.l26mail.com,1,,,18
578,www.nf-mail-163.com,1,,,18
579,www.l63mail.com,1,,,18
580,mail.hw-mail-163.com,1,,,18
581,www.hw-mail-163.com,1,,,18
582,www.hwmail163.net,1,,,18
583,taikang.com.tiktok-help.com,1,,,18
584,mail.tiktok-help.com,1,,,18
585,webmail.tiktok-help.com,1,,,18
586,www.tiktok-help.com,1,,,18
587,itoxtlthpw.com,1,,,19
588,hao.360.mooo.com,1,,,19
589,common.js.ftp.sh,1,,,19
590,mtest.loseyourip.com,1,,,21
591,warnonmobina.duckdns.org,1,,,21
592,abotherrdpajq.duckdns.org,1,,,21
593,mohbeebnew.duckdns.org,1,,,21
594,skyrocket2.duckdns.org,1,,,21
595,microssd.duckdns.org,1,,,21
596,appservices.info,1,,,22
597,appsupports.info,1,,,22
598,appzserv.info,1,,,22
599,boostgridz.info,1,,,22
600,bvpkuapp.worldexplore.top,1,,,22
601,chartsbezorgd.info,1,,,22
602,chaterbox.org,1,,,22
603,cosmicupto.info,1,,,22
604,crewcleaner.info,1,,,22
605,daffodil.blog,1,,,22
606,dasulinja.freemyip.com,1,,,22
607,en.polservice.info,1,,,22
608,ftp.polservice.info,1,,,22
609,gemzlogzupd.info,1,,,22
610,getsupdated.info,1,,,22
611,gilbertfix.info,1,,,22
612,gladiolus.live,1,,,22
613,golledsack.info,1,,,22
614,hafybreaks.info,1,,,22
615,keeznoted.info,1,,,22
616,linkservicess.info,1,,,22
617,locaplayz.info,1,,,22
618,m.worldexplore.top,1,,,22
619,mail.totalservices.info,1,,,22
620,mail.zoom-info.com,1,,,22
621,miniappservcc.com,1,,,22
622,mnjkuilhgftrew.baiduwebhost.com,1,,,22
623,officesite.onrender.com,1,,,22
624,playserzapp.info,1,,,22
625,pop3.totalservices.info,1,,,22
626,reggysolution.info,1,,,22
627,rollededpack.info,1,,,22
628,scriptlydev.com,1,,,22
629,servicewebz.info,1,,,22
630,servzkeeps.info,1,,,22
631,servzupdate.info,1,,,22
632,shop.gladiolus.live,1,,,22
633,smtp.totalservices.info,1,,,22
634,smtp.zoom-info.com,1,,,22
635,standgifyet.buzz,1,,,22
636,surfspotz.info,1,,,22
637,synaptupiq.com,1,,,22
638,upnotex.info,1,,,22
639,uptofixbi.info,1,,,22
640,uptonox.info,1,,,22
641,visionglobale.site,1,,,22
642,vpn731932925.softether.net,1,,,22
643,vpn744565697.softether.net,1,,,22
644,webservicez.info,1,,,22
645,wp.worldexplore.top,1,,,22
646,www.couldmailauth.com,1,,,22
647,www.logicfind.buzz,1,,,22
648,www.polservice.info,1,,,22
649,www.rb-fcumb.com,1,,,22
650,www.roofcap.info,1,,,22
651,www.totalservices.info,1,,,22
652,www.worldexplore.top,1,,,22
653,www.zoom-info.com,1,,,22
654,wwww.zoom-info.com,1,,,22
655,yezzylogz.info,1,,,22
656,yumgetz.info,1,,,22
657,a0w.herokuapp.com,1,,,23
658,a0x.herokuapp.com,1,,,23
659,en-localhost.herokuapp.com,1,,,23
660,en-office365updateescente.herokuapp.com,1,,,23
661,fcdn.pythonanywhere.com,1,,,23
662,il1.000webhostapp.com,1,,,23
663,jl3.000webhostapp.com,1,,,23
664,op9.herokuapp.com,1,,,23
665,o-s.herokuapp.com,1,,,23
666,p92.herokuapp.com,1,,,23
667,sysupdate.pythonanywhere.com,1,,,23
668,w0m.herokuapp.com,1,,,23
669,android-support.com,1,,,24
670,www.stackapk.com,1,,,24
671,zoemagicbook.com,1,,,25
672,ashersoftlib.com,1,,,25
673,pinkrosesandmore.com,1,,,25
674,crudestopics.com,1,,,25
675,broadsforthestate.com,1,,,25
676,whitevintagecars.com,1,,,25
677,teengroomwell.com,1,,,25
678,florabrocuisine.com,1,,,25
679,homecampuscenter.com,1,,,25
680,doinamagicclasses.com,1,,,25
681,stellacustomscreens.com,1,,,25
682,oscarskatingcoach.com,1,,,25
683,joelgardens.com,1,,,25
684,johnfashionarchive.com,1,,,25
685,pawsandtailcare.com,1,,,25
686,hannahsgpsapp.com,1,,,25
687,large-file-download-in-progress-page-loading-iuwt6sk34bs6543df.tartaakademi.com,1,,,25
688,tartaakademi.com,1,,,25
689,wmiapcservice.com,1,,,25
690,www.microsoft365.sangellobrighthouse.com,1,,,25
691,esanojinjasvc.com,1,,,25
692,msoffice.365cloudz.esanojinjasvc.com,1,,,25
693,serverchuchuchachawin.bond,1,,,27
694,certstorein.shop,1,,,27
695,defenceindia.site,1,,,27
696,sharmaxme11.org,1,,,27
697,workplacegov.online,1,,,27
698,chuchuchachawin.bond,1,,,27
699,chuchuchacha.shop,1,,,27
700,chuchuchachawin.sbs,1,,,27
701,chuchuchacha.xyz,1,,,27
702,sharemaxme66.net,1,,,27
703,startmenuexperiencehost.ydns.eu,1,,,28
704,oque2025.mysynology.net,1,,,28
705,00000h.omagsadoabtaa1yaeaahmabraaxaam.a.bikessport.com,1,,,29
706,a.bikessport.com,1,,,29
707,csrv.rapidcomments.com,1,,,29
708,agc9221.bikessport.com,1,,,29
709,www.rapidcomments.com,1,,,29
710,csrv01.rapidcomments.com,1,,,29
711,www.bikessport.com,1,,,29
712,j.bikessport.com,1,,,29
713,weingut-haider-malloth.at,1,,,29
714,ww1.rapidcomments.com,1,,,29
715,00004h.abqqa3aaneag4adoaaxaacqabiaeqa.a.bikessport.com,1,,,29
716,rapidcomments.com,1,,,29
717,muddtech.org,1,,,30
718,yumtolo.info,1,,,30
719,setappleclin.info,1,,,30
720,paacdn-deliver.pages.dev,1,,,30
721,paapakistan-com-pk.pages.dev,1,,,30
722,mydropboxbackup.com,1,,,30
723,cloudcouponcodes.com,1,,,30
724,flytree.info,1,,,30
725,azureinternalupdates.com,1,,,30
726,fileonlinetransfer.center,1,,,30
727,virtualworldsapinner.com,1,,,30
728,www.mydropboxbackup.com,1,,,30
729,brityservice.info,1,,,30
730,scrollzshare.info,1,,,30
731,vpn.firebasescloudemail.com,1,,,30
732,firebasescloudemail.com,1,,,30
733,cloud.firebasescloudemail.com,1,,,30
734,ns2.wdanasiali.store,1,,,30
735,messagenote.ink,1,,,30
736,wdanasiali.store,1,,,30
737,louqhwood.net,1,,,30
738,bluriq.info,1,,,30
739,elephantglass.info,1,,,30
740,ns1.wdanasiali.store,1,,,30
741,messagenote.org,1,,,30
742,co2divo.info,1,,,30
743,mail.messagenote.org,1,,,30
744,cmitx.site,1,,,30
745,theserveunity.org,1,,,30
746,civihr.org,1,,,30
747,anchorsoft.org,1,,,30
748,inboundhealthcare.us,1,,,30
749,api.inboundhealthcare.us,1,,,30
750,codendigital.org,1,,,30
751,nayatelmediashare.info,1,,,30
752,govpak.digital,1,,,30
753,indomax138slot.org,1,,,30
754,food-madeness.info,1,,,30
755,propriated.co.in,1,,,30
756,nlc-pk.org,1,,,30
757,socialback.org,1,,,30
758,pnra-pk.org,1,,,30
759,doc.nrtc-com-pk.org,1,,,30
760,documents.nrtc-com-pk.org,1,,,30
761,nrtc-com-pk.org,1,,,30
762,mail.asftbngh.top,1,,,30
763,ns2.buzzstack.org,1,,,30
764,flyinfishwater.info,1,,,30
765,ns1.buzzstack.org,1,,,30
766,asftbngh.top,1,,,30
767,learnroots.org,1,,,30
768,stubblers.org,1,,,30
769,ternuimert.org,1,,,30
770,verbaleryer.org,1,,,30
771,driftlance.org,1,,,30
772,nr3cgovpk.org,1,,,30
773,ns0.frontadtime.com,1,,,31
774,www.frontadtime.com,1,,,31
775,webdisk.signing-config.com,1,,,32
776,cpanel.signing-config.com,1,,,32
777,cpcontacts.signing-config.com,1,,,32
778,www.www.signing-config.com,1,,,32
779,mail.aiai.relay-server.com,1,,,32
780,mx.aiai.relay-server.com,1,,,32
781,www.relay-server.com,1,,,32
782,mail.relay-server.com,1,,,32
783,hostmaster.webdisk.svcstat.com,1,,,32
784,cpanel.svcstat.com,1,,,32
785,mx.svcstat.com,1,,,32
786,www.svcstat.com,1,,,32
787,ftp.phone-call.net,1,,,32
788,ns5.secure-gmail.org,1,,,32
789,ns6.secure-gmail.org,1,,,32
790,www.secure-gmail.org,1,,,32
791,www.ns3.secure-gmail.org,1,,,32
792,autodiscover.enewscenter.net,1,,,32
793,www.enewscenter.net,1,,,32
794,hostmaster.apple-onlineservice.com,1,,,32
795,www.apple-onlineservice.com,1,,,32
796,shop.account163-mail.com,1,,,32
797,www.account163-mail.com,1,,,32
798,ww1.timeupdate2.20x.cc,1,,,32
799,ww25.timeupdate2.20x.cc,1,,,32
800,ww31.timeupdate2.20x.cc,1,,,32
801,mail.email-126.net,1,,,32
802,hostmaster.email-126.net,1,,,32
803,cpanel.email-126.net,1,,,32
804,www.email-126.net,1,,,32
805,www.account-id-managers.com,1,,,32
806,mail.account-id-managers.com,1,,,32
807,gen.toyota-rnd.com,1,,,32
808,hostmaster.www.nano.toyota-rnd.com,1,,,32
809,hostmaster.toyota-rnd.com,1,,,32
810,www.toyota-rnd.com,1,,,32
811,www.gnoneten.hitominote.com,1,,,32
812,cpanel.hitominote.com,1,,,32
813,www.wp.hitominote.com,1,,,32
814,www.hitominote.com,1,,,32
815,it.offices-support.com,1,,,32
816,infoses.offices-support.com,1,,,32
817,ravinatarajan.offices-support.com,1,,,32
818,teams.offices-support.com,1,,,32
819,ns2.newssupply.net,1,,,32
820,www.last.tax-lab.net,1,,,32
821,wap.mechanicalcomfort.net,1,,,32
822,www.mechanicalcomfort.net,1,,,32
823,wap.checkingvirusscan.com,1,,,32
824,test.bad.dns.checkingvirusscan.com,1,,,32
825,www.checkingvirusscan.com,1,,,32
826,ww3.academyhouse.us,1,,,32
827,www.academyhouse.us,1,,,32
828,ww01.academyhouse.us,1,,,32
829,ww1.academyhouse.us,1,,,32
830,www.self-makingups.com,1,,,32
831,www.ncnbroadcasting.reportinside.net,1,,,32
832,www.reportinside.net,1,,,32
833,www.generalemountina.com,1,,,32
834,wap.generalemountina.com,1,,,32
835,www.support-forum.org,1,,,32
836,wap.sourcecodecenter.org,1,,,32
837,www.sourcecodecenter.org,1,,,32
838,www.micromacs.org,1,,,32
839,www.goathoney.biz,1,,,32
840,ftp.42world.net,1,,,32
841,mail.42world.net,1,,,32
842,www.42world.net,1,,,32
843,photobucket.photography.neao.biz,1,,,32
844,www.neao.biz,1,,,32
845,www.amanity50.biz,1,,,32
846,delta.amanity50.biz,1,,,32
847,www.adobeplugs.net,1,,,32
848,www.simage-accoutslog.biz,1,,,32
849,www.ubizworld.com,1,,,32
850,p.163services.com,1,,,32
851,pay.163services.com,1,,,32
852,tcm.chromup.com,1,,,33
853,ns6.chromup.com,1,,,33
854,cmnuvns3.chromup.com,1,,,33
855,ns2.chromup.com,1,,,33
856,nodetestservers.azurewebsites.net,1,,,33
857,supportsoftwarecenter.azurewebsites.net,1,,,33
858,satellitegardens.azurewebsites.net,1,,,33
859,websupportprotection.azurewebsites.net,1,,,33
860,satellite2.azurewebsites.net,1,,,33
861,softwareservicesupports.azurewebsites.net,1,,,33
862,satellitespecialists.azurewebsites.net,1,,,33
863,servicessupports.azurewebsites.net,1,,,33
864,satservicesdev.azurewebsites.net,1,,,33
865,subreviews.azurewebsites.net,1,,,33
866,softwareservicesupport.azurewebsites.net,1,,,33
867,getsdervicessupoortss.azurewebsites.net,1,,,33
868,getsupportsservices.azurewebsites.net,1,,,33
869,getservicessupports.azurewebsites.net,1,,,33
870,getservicessuports.azurewebsites.net,1,,,33
871,centersoftwaresupports.azurewebsites.net,1,,,33
872,dgitalcodecrafters.com,1,,,33
873,app-data.eu-energy.tech,1,,,33
874,ns2.overex.net,1,,,33
875,mgfishing.org,1,,,33
876,googlads.hopto.org,1,,,33
877,shellexperiencehost.in,1,,,33
878,ns2.mgfishing.org,1,,,33
879,ns2.suny5.com,1,,,33
880,exmx.site,1,,,33
881,ns2.shellexperiencehost.in,1,,,33
882,overex.net,1,,,33
883,sisigroup.online,1,,,33
884,suny5.com,1,,,33
885,certlogins.com,1,,,33
886,ns2.certlogins.com,1,,,33
887,intelmosys.sisigroup.online,1,,,33
888,fingerprint.noipsec.com,1,,,33
889,noipsec.com,1,,,33
890,eu-energy.tech,1,,,33
891,bitrix.algorithm.com.ua,1,,,33
892,energy2.exmx.site,1,,,33
893,broadcaster.rocks,1,,,33
894,aspx.one,1,,,33
895,algorithm.com.ua,1,,,33
896,cloudpackages.net,1,,,33
897,digitalcodecrafters.com,1,,,33
898,support.almersalstore.com,1,,,34
899,unityprogressall.org,1,,,34
900,defenceprodindia.site,1,,,34
901,transfergocompany.com,1,,,34
902,eventer.ink,1,,,34
903,beetly.online,1,,,34
904,1stl.ink,1,,,34
905,termite.nu,1,,,34
906,secnetdc.com,1,,,34
907,shortfile-interactive.webredirect.org,1,,,34
908,first-myshortel.ddns.net,1,,,34
909,file-review.hopto.org,1,,,34
910,shortlycc.site,1,,,34
911,msnl.ink,1,,,34
912,book.nerdes-look.online,1,,,34
913,samoli.online,1,,,34
914,book.lingside-panel.online,1,,,34
915,tapanj.online,1,,,34
916,book.tomsahor.online,1,,,34
917,book.loside-panel.online,1,,,34
918,safe-core.online,1,,,34
919,tomsahor.online,1,,,34
920,book.tapanj.online,1,,,34
921,powlow.online,1,,,34
922,panel-personal.online,1,,,34
923,kuret-met.online,1,,,34
924,view-tools.online,1,,,34
925,nerdes-look.online,1,,,34
926,lingo-web.online,1,,,34
927,book.samoli.online,1,,,34
928,jessyland.online,1,,,34
929,book.view-tools.online,1,,,34
930,into-panel.online,1,,,34
931,book.panel-personal.online,1,,,34
932,book.good-while.online,1,,,34
933,book.into-panel.online,1,,,34
934,book.alpha-radial.online,1,,,34
935,book.facepanel.online,1,,,34
936,good-while.online,1,,,34
937,book.jessyland.online,1,,,34
938,book.powlow.online,1,,,34
939,book.lingo-web.online,1,,,34
940,book.safe-core.online,1,,,34
941,1750a814-2aa9-4034-a610-89af9b558e61.arcanet.online,1,,,34
942,alpha-radial.online,1,,,34
943,amjc-jp.com,1,,,34
944,book.check-safe.online,1,,,34
945,supervisor-protector.online,1,,,34
946,short-abbreviate.info,1,,,34
947,joinboeing.com,1,,,34
948,alwayslivehealthy.com,1,,,34
949,jadehealthcenter.com,1,,,34
950,clearmindhealthandwellness.com,1,,,34
951,airbusaerodefence.com,1,,,34
952,rhealthylivingsolutions.com,1,,,34
953,flydubai-careers.com,1,,,34
954,chakracleansetherapy.com,1,,,34
955,zytonhealth.com,1,,,34
956,boeingspace.com,1,,,34
957,palaerospace.careers,1,,,34
958,kibanacore.com,1,,,34
959,bodywellnessbycynthia.com,1,,,34
960,msnclouds.com,1,,,34
961,msnapp.help,1,,,34
962,emiratesgroup-careers.com,1,,,34
963,healthiestmama.com,1,,,34
964,asiandefenses.com,1,,,34
965,airbushiring.com,1,,,34
966,airbusaerodefence.nl,1,,,34
967,accountroyal.com,1,,,34
968,entrpreneur.org,1,,,34
969,acconut-mail.com,1,,,34
970,pay.entrpreneur.org,1,,,34
971,signin-identifi.com,1,,,34
972,redfoxteeth.site,1,,,34
973,quickmath-solver.site,1,,,34
974,ameen-alkhalij.nu,1,,,34
975,musalas.se,1,,,34
976,ameen-alkhalij.com,1,,,34
977,ameen-alkhalij.is,1,,,34
978,viliam.azdava.online,1,,,34
979,viliam.arcanet.online,1,,,34
980,viliam.alpha-met.online,1,,,34
981,viliam.alpha-meet.online,1,,,34
982,video-connect.online,1,,,34
983,viliam-live-identity.online,1,,,34
984,viliam.besatoo.online,1,,,34
985,robinthing123.online,1,,,34
986,nomercys.it.com,1,,,36
987,www.xt24.com,1,,,36
988,uppdatefile.com,1,,,36
989,serialmenot.com,1,,,36
990,jerusalemsolutions.com,1,,,36
991,promoverse.org,1,,,36
992,codefusiontech.org,1,,,36
993,webhook.site,1,,,36
994,api.tikavodot.co.il,1,,,36
995,magicallyday.com,1,,,36
996,www.mytrustiq.com,1,,,37
997,2023.rdmsi.com,1,,,37
998,zuoqvadmin.rdmsi.com,1,,,37
999,ns1.rdmsi.com,1,,,37
1000,www.rdmsi.com,1,,,37
1001,ns2.kizlarsoroyur.com,1,,,37
1002,ns1.kizlarsoroyur.com,1,,,37
1003,coro.tprs-servers.eu,1,,,37
1004,www.tprs-servers.eu,1,,,37
1005,ns2.tprs-servers.eu,1,,,37
1006,ns1.tprs-servers.eu,1,,,37
1007,remote.rsshay.com,1,,,37
1008,emijpns1.rsshay.com,1,,,37
1009,taikang.com.rsshay.com,1,,,37
1010,www.rsshay.com,1,,,37
1011,www.hainanbank.com.cn.oudax.com,1,,,37
1012,m.oudax.com,1,,,37
1013,core.oudax.com,1,,,37
1014,www.oudax.com,1,,,37
1015,eeim.wwmal.com,1,,,37
1016,ns2.wwmal.com,1,,,37
1017,ns1.wwmal.com,1,,,37
1018,www.wwmal.com,1,,,37
1019,www.ns2.kopilkaorukov.com,1,,,37
1020,ns1.kopilkaorukov.com,1,,,37
1021,ns2.kopilkaorukov.com,1,,,37
1022,www.kopilkaorukov.com,1,,,37
1023,exchange.acrlee.com,1,,,37
1024,mail.acrlee.com,1,,,37
1025,pdc.acrlee.com,1,,,37
1026,ns1.acrlee.com,1,,,37
1027,webmail.intelligent-finance.site,1,,,37
1028,mail.intelligent-finance.site,1,,,37
1029,www.intelligent-finance.site,1,,,37
1030,www.allsecpackupdater.com,1,,,37
1031,www.tacsent.com,1,,,37
1032,ns2.ntpupdateserver.com,1,,,37
1033,ns1.ntpupdateserver.com,1,,,37
1034,www.ntpupdateserver.com,1,,,37
1035,connect-roofing.com,1,,,37
1036,cornerstoneconect.com,1,,,37
1037,wilsonconts.com,1,,,37
1038,strtbizsite.site,1,,,37
1039,strtbizsite.online,1,,,37
1040,ns1.mastertape.org,1,,,37
1041,ns2.mastertape.org,1,,,37
1042,offsetweb.com,1,,,37
1043,tv7476tvan000002a61.mastertape.org,1,,,37
1044,lebworld.us,1,,,37
1045,tecforsc-001-site1.gtempurl.com,1,,,37
1046,rhb4rfyyset7ylu.sessionprotocol.com,1,,,38
1047,ttvuubikankpetboivar4w.sessionprotocol.com,1,,,38
1048,www.sessionprotocol.com,1,,,38
1049,ww1.sessionprotocol.com,1,,,38
1050,www.hierarchicalfiles.com,1,,,38
1051,www.hardwareoption.com,1,,,38
1052,www.pulmonyarea.com,1,,,38
1053,ww1.lurkingnet.com,1,,,38
1054,www.lurkingnet.com,1,,,38
1055,hostmaster.fileaccesscontrol.com,1,,,38
1056,www.fileaccesscontrol.com,1,,,38
1057,www.networkmanagemersolutions.com,1,,,38
1058,smtps.cdn2-state-upd.com,1,,,38
1059,dns2.cdn2-state-upd.com,1,,,38
1060,dns1.cdn2-state-upd.com,1,,,38
1061,www.cdn2-state-upd.com,1,,,38
1062,mx1.svr-sec2-system.com,1,,,38
1063,hostmaster.svr-sec2-system.com,1,,,38
1064,mx2.svr-sec2-system.com,1,,,38
1065,www.svr-sec2-system.com,1,,,38
1066,gci.upn-sec3-msd.com,1,,,38
1067,webmail.upn-sec3-msd.com,1,,,38
1068,mail.upn-sec3-msd.com,1,,,38
1069,www.upn-sec3-msd.com,1,,,38
1070,default.app-mx3-delivery.com,1,,,38
1071,sms.app-mx3-delivery.com,1,,,38
1072,www.www.app-mx3-delivery.com,1,,,38
1073,www.app-mx3-delivery.com,1,,,38
1074,ns3.sys4-upload2-srv.com,1,,,38
1075,old.sys4-upload2-srv.com,1,,,38
1076,ns8.sys4-upload2-srv.com,1,,,38
1077,www.sys4-upload2-srv.com,1,,,38
1078,mx2.oem-sec4-mx32.com,1,,,38
1079,backup.oem-sec4-mx32.com,1,,,38
1080,ns5.oem-sec4-mx32.com,1,,,38
1081,www.oem-sec4-mx32.com,1,,,38
1082,ns3.system6-mxe-ups3.com,1,,,38
1083,ns5.system6-mxe-ups3.com,1,,,38
1084,ns8.system6-mxe-ups3.com,1,,,38
1085,www.system6-mxe-ups3.com,1,,,38
1086,smtps.apn-state-upd2.com,1,,,38
1087,11192521403954.apn-state-upd2.com,1,,,38
1088,ns5.apn-state-upd2.com,1,,,38
1089,www.apn-state-upd2.com,1,,,38
1090,shop.upd3-srv-system-app.com,1,,,38
1091,public.upd3-srv-system-app.com,1,,,38
1092,www.store.upd3-srv-system-app.com,1,,,38
1093,stage.upd3-srv-system-app.com,1,,,38
1094,ns2.srv-cdn3-system.com,1,,,38
1095,ns8.srv-cdn3-system.com,1,,,38
1096,remote.srv-cdn3-system.com,1,,,38
1097,www.srv-cdn3-system.com,1,,,38
1098,mx2.upd-network-ms2.com,1,,,38
1099,hostmaster.upd-network-ms2.com,1,,,38
1100,mx1.upd-network-ms2.com,1,,,38
1101,www.upd-network-ms2.com,1,,,38
1102,www.srv5-upd51-mx3-sec22.com,1,,,38
1103,mail.upd-secure-srv1.com,1,,,38
1104,ns5.upd-secure-srv1.com,1,,,38
1105,remote.upd-secure-srv1.com,1,,,38
1106,www.upd-secure-srv1.com,1,,,38
1107,www.www.cdn2-svr-state.com,1,,,38
1108,taikang.com.cdn2-svr-state.com,1,,,38
1109,www.hainanbank.com.cn.cdn2-svr-state.com,1,,,38
1110,www.cdn2-svr-state.com,1,,,38
1111,mail.mx-upd2-cdn-state.com,1,,,38
1112,taikang.com.mx-upd2-cdn-state.com,1,,,38
1113,getsimnum.mx-upd2-cdn-state.com,1,,,38
1114,www.mx-upd2-cdn-state.com,1,,,38
1115,ns7.upd-ncx4-server.com,1,,,38
1116,wxconns6.upd-ncx4-server.com,1,,,38
1117,mx2.upd-ncx4-server.com,1,,,38
1118,www.upd-ncx4-server.com,1,,,38
1119,ww5.upd2-app-state.com,1,,,38
1120,ww2.upd2-app-state.com,1,,,38
1121,ww3.upd2-app-state.com,1,,,38
1122,ww4.upd2-app-state.com,1,,,38
1123,trademarkprice.com,1,,,39
1124,gloriousnew.com,1,,,39
1125,creativetime.net,1,,,39
1126,modelprofile.net,1,,,39
1127,studyapart.com,1,,,39
1128,millerfarmspork.com,1,,,39
1129,fxtradesinvest.com,1,,,39
1130,cloudchip.net,1,,,39
1131,getreliablereviews.com,1,,,39
1132,cloudhostingapp.com,1,,,39
1133,cardcurrent.com,1,,,39
1134,onlinedronezone.com,1,,,39
1135,ourbitcoinpay.com,1,,,39
1136,mystartupblog.com,1,,,39
1137,easymathpath.com,1,,,39
1138,chessandlinkss.com,1,,,39
1139,windowsearchcache.com,1,,,39
1140,vegetableportfolio.com,1,,,39
1141,upnpdiscover.org,1,,,39
1142,footballtimes.info,1,,,39
1143,electricalweb.org,1,,,39
1144,shelves-design.com,1,,,39
1145,weekendstrips.net,1,,,39
1146,js-l1wt597cimk.i.zimbrasoft.com.ua,1,,,40
1147,js-26tik3egye4.i.zimbrasoft.com.ua,1,,,40
1148,a.zhblz.com,1,,,40
1149,longsauce.com,1,,,40
1150,wellnesscaremed.com,1,,,40
1151,freefoodaid.com,1,,,40
1152,findcloudflare.com,1,,,41
1153,cloudflare.redirectpartners.com,1,,,41
1154,re.richwho1e.net,1,,,41
1155,www.richwho1e.net,1,,,41
1156,fmgytstaging.sonike.com,1,,,41
1157,aws.sonike.com,1,,,41
1158,marketplace.sonike.com,1,,,41
1159,www.sonike.com,1,,,41
1160,www.chongqingfengneng.com,1,,,41
1161,ww12.chongqingfengneng.com,1,,,41
1162,mail.coveraudio.com,1,,,41
1163,vtodyhostmaster.coveraudio.com,1,,,41
1164,www.coveraudio.com,1,,,41
1165,spam.coveraudio.com,1,,,41
1166,ww12.telcom360.com,1,,,41
1167,billing.telcom360.com,1,,,41
1168,www.telcom360.com,1,,,41
1169,customers.telcom360.com,1,,,41
1170,hostmaster.securitysystemnews.com,1,,,41
1171,mail.securitysystemnews.com,1,,,41
1172,webmail.securitysystemnews.com,1,,,41
1173,www.securitysystemnews.com,1,,,41
1174,silry.com,1,,,41
1175,ophibre.com,1,,,41
1176,bakenhof.com,1,,,41
1177,ms-toto.site,1,,,41
1178,1597ebba.info.gtjas.site,1,,,41
1179,dia-gov.cloud,1,,,41
1180,ns2.actualcombine.com,1,,,41
1181,ms-perry.online,1,,,41
1182,ms-rp.site,1,,,41
1183,ns2.secretiveleap.com,1,,,41
1184,ahmed-ms.online,1,,,41
1185,aws-yamada.site,1,,,41
1186,ns2.foreignhurry.com,1,,,41
1187,ukrtelcom.com,1,,,41
1188,ukrtelecom.eu,1,,,41
1189,ga-mil.online,1,,,41
1190,ms-ok.site,1,,,41
1191,ms-legal.site,1,,,41
1192,drive-google.cloud,1,,,41
1193,google-shopping.online,1,,,41
1194,google-com.site,1,,,41
1195,dgfip-gouv.online,1,,,41
1196,adm.govua.cloud,1,,,41
1197,ms-aid.site,1,,,41
1198,ms-moviez.site,1,,,41
1199,3bcc1bba.info.gtjas.site,1,,,41
1200,ms-sign.site,1,,,41
1201,pulsesecure.cloud,1,,,41
1202,skykick.solutions,1,,,41
1203,softcat.cloud,1,,,41
1204,rubrik.zone,1,,,41
1205,nrcc.cloud,1,,,41
1206,ssi-gouv-fr.cloud,1,,,41
1207,rrt.solutions,1,,,41
1208,sipacolumbia.us,1,,,41
1209,prio.zone,1,,,41
1210,opensocietyfoundations.cloud,1,,,41
1211,us-mil.cloud,1,,,41
1212,s3-us.navy,1,,,41
1213,zixcorp.cloud,1,,,41
1214,saiccloud.us,1,,,41
1215,zoom-meeting.pro,1,,,41
1216,zoom-meeting.live,1,,,41
1217,us-army.cloud,1,,,41
1218,zoom-meeting.cloud,1,,,41
1219,veeam.solutions,1,,,41
1220,shicloud.online,1,,,41
1221,zoom-meetings.cloud,1,,,41
1222,albrightstonebridge.cloud,1,,,41
1223,trustifi.cloud,1,,,41
1224,aspeninstitute.cloud,1,,,41
1225,asucloud.us,1,,,41
1226,zoommeeting.today,1,,,41
1227,amazonmeeting.cloud,1,,,41
1228,zoommeeting.zone,1,,,41
1229,zoom-meeting.today,1,,,41
1230,americanprogress.cloud,1,,,41
1231,capgemini.services,1,,,41
1232,ecfr.cloud,1,,,41
1233,cepa.solutions,1,,,41
1234,exclaimer.solutions,1,,,41
1235,defense-gouv.cloud,1,,,41
1236,aeinc.solutions,1,,,41
1237,ceip.cloud,1,,,41
1238,awsmeetings.online,1,,,41
1239,defence-au.cloud,1,,,41
1240,brookings.cloud,1,,,41
1241,c-r.services,1,,,41
1242,cwinc.cloud,1,,,41
1243,smartscreenua.com,1,,,42
1244,apidocs.ataas.cl,1,,,42
1245,deltaexchange.net,1,,,42
1246,mscloudedge.com,1,,,42
1247,checksystem.nl,1,,,42
1248,xtreme-vision.net,1,,,42
1249,ataas.cl,1,,,42
1250,massgrave.link,1,,,42
1251,n6b6j4vlkc4ak343j4fmuwmosxtwrft6bph5s5562lefji4a475smuad.onion,1,,,42
1252,2zilmiystfbjib2k4hvhpnv2uhni4ax5ce4xlpb7swkjimfnszxbkaid.onion,1,,,42
1253,i2rgcvog6cypjohfzfzw3d5kqgoobkzlbchsdxx4gm7lyaxn5nfp6bid.onion,1,,,42
1254,dontgivedamn.com,1,,,42
1255,dontgivefuck.com,1,,,42
1256,sumbur.net,1,,,42
1257,freefan.net,1,,,42
1258,fanfree.net,1,,,42
1259,documentreader.net,1,,,42
1260,cloud-sync.org,1,,,42
1261,hwupdates.com,1,,,42
1262,kms-win11-update.net,1,,,42
1263,onedrivestandaloneupdater.com,1,,,42
1264,ratiborus2023.com,1,,,42
1265,kmsupdate2023.com,1,,,42
1266,windowsupdatesystem.org,1,,,42
1267,kalambur.net,1,,,42
1268,activationsmicrosoft.com,1,,,42
1269,arianeconseil.online,1,,,44
1270,esetcloud.com,1,,,44
1271,tedbutz.com,1,,,44
1272,nucleusgate.com,1,,,44
1273,brannenburger-nagelfluh.de,1,,,44
1274,lucky-king-96d6.mopig92456.workers.dev,1,,,44
1275,eset.ydns.eu,1,,,44
1276,abrargeospatial.ir,1,,,44
1277,ekrn.ydns.eu,1,,,44
1278,pizzeria-mercy.de,1,,,44
1279,kav-certificates.info,1,,,44
1280,xsso.www.anam0rph.su,1,,,44
1281,ns1.anam0rph.su,1,,,44
1282,ns2.anam0rph.su,1,,,44
1283,www.anam0rph.su,1,,,44
1284,connectotels.net,1,,,44
1285,hostelhotels.net,1,,,44
1286,update.studiokaspersky.com,1,,,44
1287,www.sentthostt.site,1,,,45
1288,www.email.microsoftonline.services,1,,,45
1289,oekpcwww.email.microsoftonline.services,1,,,45
1290,mail.microsoftonline.services,1,,,45
1291,www.microsoftonline.services,1,,,45
1292,sentthostt.site,1,,,45
1293,bin-newark-emotional-lovely.trycloudflare.com,1,,,46
1294,tiqzlt.dot,1,,,46
1295,jjrsvv.dot,1,,,46
1296,lmxemm.dot,1,,,46
1297,cyxyab.dot,1,,,46
1298,sifldj.dot,1,,,46
1299,tiyddd.dot,1,,,46
1300,perspicacious.ru,1,,,46
1301,oclouds.online,1,,,46
1302,notathird.online,1,,,46
1303,moressa.online,1,,,46
1304,backup.9fvzesn.us,1,,,46
1305,libraries-thus-yale-collaborative.trycloudflare.com,1,,,46
1306,downcraft.serveirc.com,1,,,46
1307,yeard.serveirc.com,1,,,46
1308,rqzbuwewuvnbbaucfhjl.supabase.co,1,,,46
1309,gihs.andonceagain.ru,1,,,46
1310,vacations-mic-games-scale.trycloudflare.com,1,,,46
1311,incidence-polished-expires-denver.trycloudflare.com,1,,,46
1312,fixer.serveirc.com,1,,,46
1313,dears.serveirc.com,1,,,46
1314,long-king-02b7.5ekz2z6pjk.workers.dev,1,,,46
1315,tillthesunrise.sytes.net,1,,,46
1316,vaporblue.ddnsking.com,1,,,46
1317,for.estaca.ru,1,,,46
1318,andonceagain.ru,1,,,46
1319,readers.serveirc.com,1,,,46
1320,open-pdf.serveftp.com,1,,,46
1321,fixfactors.serveirc.com,1,,,46
1322,dilopendos.serveirc.com,1,,,46
1323,streams-metallic-regulatory-armor.trycloudflare.com,1,,,46
1324,systems-debug.ddns.net,1,,,46
1325,diskpart.myddns.me,1,,,46
1326,andonceagain.online,1,,,46
1327,quietunion.48clhonm1m.workers.dev,1,,,46
1328,antresolle.ru,1,,,46
1329,divine-water-36e7.5ekz2z6pjk.workers.dev,1,,,46
1330,exorcise.me,1,,,46
1331,blackvoice.lydef24298.workers.dev,1,,,46
1332,divine-water-5123.svush66274.workers.dev,1,,,46
1333,mlubimchik.ru,1,,,46
1334,mail.technec.org,1,,,46
1335,1h9dntnzry9g3z12.funkytothemoon.live,1,,,47
1336,www.funkytothemoon.live,1,,,47
1337,ns2.funkytothemoon.live,1,,,47
1338,mail.funkytothemoon.live,1,,,47
1339,www.correomindefensagobvemyspace.com,1,,,47
1340,mail.correomindefensagobvemyspace.com,1,,,47
1341,ns2.correomindefensagobvemyspace.com,1,,,47
1342,ipv4.correomindefensagobvemyspace.com,1,,,47
1343,funkytothemoon.live,1,,,47
1344,www.jieyitongweb.com,1,,,49
1345,www.sz-everstar.com,1,,,49
1346,www.delospartnership.info,1,,,49
1347,www.xpmediaweb.net,1,,,49
1348,www.openddns.info,1,,,49
1349,www.andrewabendroth.com,1,,,49
1350,www.haletteompson.com,1,,,49
1351,lyncdiscover.eu-draytek.com,1,,,49
1352,5.eu-draytek.com,1,,,49
1353,www.eu-draytek.com,1,,,49
1354,ww7.eu-draytek.com,1,,,49
1355,cvdcdy7n.indoordelivery.online,1,,,49
1356,ns2.indoordelivery.online,1,,,49
1357,ns1.indoordelivery.online,1,,,49
1358,www.indoordelivery.online,1,,,49
1359,ipbu6.baijiachao.com,1,,,49
1360,mhda7.baijiachao.com,1,,,49
1361,ct185.baijiachao.com,1,,,49
1362,hjli5.baijiachao.com,1,,,49
1363,www.centarget.com,1,,,49
1364,posmo.vitmoda.ru,1,,,49
1365,www.dealtab.net,1,,,49
1366,mail.dealtab.net,1,,,49
1367,remote.beigougo.com,1,,,49
1368,m.beigougo.com,1,,,49
1369,www.beigougo.com,1,,,49
1370,admin.beigougo.com,1,,,49
1371,king.luogeshibu.top,1,,,49
1372,vip.luogeshibu.top,1,,,49
1373,shop.luogeshibu.top,1,,,49
1374,www.luogeshibu.top,1,,,49
1375,www.gntransportation.org,1,,,49
1376,www.jinpaijiaoshi.net,1,,,49
1377,hostmaster.jenkins.vwxredit.com,1,,,49
1378,shop.vwxredit.com,1,,,49
1379,ku1720.vwxredit.com,1,,,49
1380,www.vwxredit.com,1,,,49
1381,app.zgyymusic.net,1,,,49
1382,crm.zgyymusic.net,1,,,49
1383,www.bjfengjingmedia.com,1,,,49
1384,exchange.leodymium.com,1,,,49
1385,6mk8.leodymium.com,1,,,49
1386,scsfawww.leodymium.com,1,,,49
1387,hostmaster.leodymium.com,1,,,49
1388,profit.lnwfoie.com,1,,,49
1389,gain.lnwfoie.com,1,,,49
1390,email.testney.shop,1,,,49
1391,bolzano.testney.shop,1,,,49
1392,mail.testney.shop,1,,,49
1393,www.testney.shop,1,,,49
1394,spc365.metrotownhouse.com,1,,,49
1395,m.metrotownhouse.com,1,,,49
1396,site.metrotownhouse.com,1,,,49
1397,crdy888.metrotownhouse.com,1,,,49
1398,els.zhongfushi.ru,1,,,49
1399,green.hektometer.net,1,,,49
1400,www.hektometer.net,1,,,49
1401,getsimnum.hektometer.net,1,,,49
1402,www.www.dnsissues.com,1,,,49
1403,mail.dnsissues.com,1,,,49
1404,www.dnsissues.com,1,,,49
1405,ww38.dnsissues.com,1,,,49
1406,gateway.symbodist.com,1,,,49
1407,po.symbodist.com,1,,,49
1408,documentcentre.in,1,,,50
1409,educationportals.biz,1,,,50
1410,avtzyu.store,1,,,50
1411,gov.in.avtzyu.store,1,,,50
1412,indiangov.site,1,,,50
1413,in.indiangov.site,1,,,50
1414,in.avtzyu.store,1,,,50
1415,email.gov.in.indiangov.site,1,,,50
1416,email.gov.in.avtzyu.store,1,,,50
1417,gov.in.indiangov.site,1,,,50
1418,drdosurvey.info,1,,,50
1419,in.drdosurvey.info,1,,,50
1420,gov.in.drdosurvey.info,1,,,50
1421,departmentofspace.info,1,,,50
1422,defenceindia.ltd,1,,,50
1423,email.gov.in.modindia.link,1,,,50
1424,webmail.egovservice.in,1,,,50
1425,modspaceinterior.com,1,,,50
1426,www.pakola.egovservice.in,1,,,50
1427,cpanel.egovservice.in,1,,,50
1428,cpcontacts.egovservice.in,1,,,50
1429,dss.egovservice.in,1,,,50
1430,cpcalendars.egovservice.in,1,,,50
1431,www.dss.egovservice.in,1,,,50
1432,cmc.egovservice.in,1,,,50
1433,estabiishment.gov.ministry-gov.org,1,,,51
1434,ministry-gov.org,1,,,51
1435,gov.ministry-gov.org,1,,,51
1436,evisa-nadra-govpak.com,1,,,51
1437,lubeleaf.com,1,,,51
1438,visa-nadra-gov-pk.shafaftech.com,1,,,51
1439,visa.nadra-gov.online,1,,,51
1440,visa-nadra-gov-pk.desynt.com,1,,,51
1441,gov.pk-cam.online,1,,,51
1442,gvo-pk.cc,1,,,51
1443,visa.nadra.gov.pk-cam.online,1,,,51
1444,visa-nadra-gov-pk.pages.dev,1,,,51
1445,visa-nadra-gov-pk.lubeleaf.com,1,,,51
1446,gov.qrpk.info,1,,,51
1447,pk-cam.online,1,,,51
1448,gov-pak.com,1,,,51
1449,adobe.updatepdf.workers.dev,1,,,51
1450,com-e-visa.online,1,,,51
1451,updatepdf.workers.dev,1,,,51
1452,girlfriendparty42.workers.dev,1,,,51
1453,cabinet-gov-bd.donwloaad-file.com,1,,,51
1454,freshg-dgprocur2028200-ou4zqmub.leapcell.dev,1,,,51
1455,dp.islamic-finder.org,1,,,51
1456,donwloaad-file.com,1,,,51
1457,pubad-gov-lk.donwloaad-file.com,1,,,51
1458,ndmagovpk.com,1,,,51
1459,fbr-g0v.pk,1,,,51
1460,onev.online,1,,,51
1461,mora-govpk.co,1,,,51
1462,cabinet-gov-pk.mora-govpk.co,1,,,51
1463,blueoceancode.com,1,,,51
1464,qrpk.info,1,,,51
1465,royal-field-9144.girlfriendparty42.workers.dev,1,,,51
1466,jobfreeeco.it.com,1,,,51
1467,malik-jaani786.workers.dev,1,,,51
1468,visa.nadra.gov.pk.com-e-visa.online,1,,,51
1469,wps-yoiuzuiof.top,1,,,51
1470,guosapp.vip,1,,,51
1471,ambpoint.vip,1,,,51
1472,visa.nadra.gov.pk-o.xyz,1,,,51
1473,zhenpinxuanji.vip,1,,,51
1474,gov.pk.onev.online,1,,,51
1475,pk-o.xyz,1,,,51
1476,gygaxf.com,1,,,51
1477,visa.nadra.gvo-pk.cc,1,,,51
1478,mail-pk.com,1,,,51
1479,mail-pk.org,1,,,51
1480,mails-pk.net,1,,,51
1481,info.bangladesh-islamic-baank.workers.dev,1,,,51
1482,435fdgfd-fgh675gh56jh-65jhg65ghjytu65.netlify.app,1,,,51
1483,slservices-lk.com,1,,,51
1484,bangladesh-islamic-baank.workers.dev,1,,,51
1485,modp-view-full-message.malik-jaani786.workers.dev,1,,,51
1486,nadra-gov.pt,1,,,51
1487,pakvisa.online,1,,,51
1488,nadra.gove.pw,1,,,51
1489,nadra-gov.online,1,,,51
1490,gove.pw,1,,,51
1491,visa-nadra-gov-pk.xo.je,1,,,51
1492,nadra.gvo-pk.cc,1,,,51
1493,visa.nadra.gove.pw,1,,,51
1494,visa.nadra-gov.pt,1,,,51
1495,visa.nadra.gov-pak.com,1,,,51
1496,gov1-lk.com,1,,,51
1497,fwd-transaction-slip-52923640.gov1-lk.com,1,,,51
1498,mail-navy-lk-43897fyi78945tr78945uio89045iuort89045prt054k.pages.dev,1,,,51
1499,9af72fg4jg75hg8jg94kg94k9fk390gk4170674tr69bf1f766cdec1d11.pages.dev,1,,,51
1500,pubad-gov-lk.filenesthub.org,1,,,51
1501,www-finance-gov-pk.loadpath.net,1,,,51
1502,kashmirawareness.loadpath.net,1,,,51
1503,www-ymbq-gov-cn.drron.net,1,,,51
1504,www-finance-gov-pk.fetchdrive.org,1,,,51
1505,depo-gov-pk.loadpath.net,1,,,51
1506,mails-pk.com,1,,,51
1507,establishment.mails-pk.com,1,,,51
1508,grabfiles.net,1,,,51
1509,loadpath.net,1,,,51
1510,g20-org-za.loadpath.net,1,,,51
1511,mof.gov.np.mail-pk.org,1,,,51
1512,www-kashmirawareness-org.loadpath.net,1,,,51
1513,pc.gov.pk.mail-pk.org,1,,,51
1514,atlantacomputerfix.siteshare.me,1,,,52
1515,globalext-prod.updatemain.com,1,,,52
1516,www.www.updatemain.com,1,,,52
1517,www.updatemain.com,1,,,52
1518,webmail.gphi-adhaswe.xyz,1,,,52
1519,mail.gphi-adhaswe.xyz,1,,,52
1520,www.hainanbank.com.cn.gphi-adhaswe.xyz,1,,,52
1521,hostmaster.gphi-adhaswe.xyz,1,,,52
1522,ip2.vp.gphi.site,1,,,52
1523,ip1.vp.gphi.site,1,,,52
1524,www.ip1.s.gphi.site,1,,,52
1525,1www.ip1.s.gphi.site,1,,,52
1526,secure-view.top,1,,,52
1527,siteshare.me,1,,,52
1528,c-money.linkpc.net,1,,,52
1529,raizerverify.online,1,,,52
1530,emv1.onlineshares.cloud,1,,,52
1531,doc.secure-view.top,1,,,52
1532,service.onlineshares.cloud,1,,,52
1533,ns2.trytiponlineresult.com,1,,,52
1534,ns1.trytiponlineresult.com,1,,,52
1535,site.siteshare.me,1,,,52
1536,119-tim.info,1,,,52
1537,rojavanetwork.info,1,,,52
1538,133-tre.info,1,,,52
1539,159-windtre.info,1,,,52
1540,iliad.info,1,,,52
1541,kena-mobile.info,1,,,52
1542,store-apple.info,1,,,52
1543,wind-h3g.info,1,,,52
1544,mobilepays.info,1,,,52
1545,mobdemo.info,1,,,52
1546,milf.house,1,,,52
1547,amex-co.info,1,,,52
1548,146-fastweb.info,1,,,52
1549,poste-it.info,1,,,52
1550,fb-techsupport.com,1,,,52
1551,155-wind.info,1,,,52
1552,www.gphi.site,1,,,52
1553,www.updatesinfos.com,1,,,52
1554,bitdefs.ignorelist.com,1,,,52
1555,cpanel.tpddata.com,1,,,52
1556,mlods.strangled.net,1,,,52
1557,repview.ignorelist.com,1,,,52
1558,lcgmd.strangled.net,1,,,52
1559,checkupdates.flashserv.net,1,,,52
1560,lakers.crabdance.com,1,,,52
1561,pubs.ignorelist.com,1,,,52
1562,www.gphi-adhaswe.xyz,1,,,52
1563,wconsult.longmusic.com,1,,,52
1564,ovhelp.mrbasic.com,1,,,52
1565,statis.ignorelist.com,1,,,52
1566,www.tpddata.com,1,,,52
1567,paystore.onedumb.com,1,,,52
1568,mail.tpddata.com,1,,,52
1569,www.bodyshoppechiropractic.com,1,,,52
1570,shareboard.mrbonus.com,1,,,52
1571,download.ns360.info,1,,,52
1572,webdisk.tpddata.com,1,,,52
1573,vnistudio.mooo.com,1,,,52
1574,www.ecombox.store,1,,,52
1575,webmail.tpddata.com,1,,,52
1576,geodb.ignorelist.com,1,,,52
1577,updatemain.com,1,,,52
1578,updatemain.com,1,,,52
1579,phpview.mygamesonline.org,1,,,52
1580,a.updatemain.com,1,,,52
1581,b.updatemain.com,1,,,52
1582,ip1.gphi-fjiqoqo.tech,1,,,52
1583,yduyfieruioprejfggfy.r-e.kr,1,,,53
1584,userinfo.addridentity.dynv6.net,1,,,53
1585,taxdoc.baseblogdoc.mydns.bz,1,,,53
1586,ninlineid29s.dynv6.net,1,,,53
1587,ninlineid28s.dynv6.net,1,,,53
1588,invoice.nhsdomainspf.mydns.bz,1,,,53
1589,info.authenticateterm.gleeze.com,1,,,53
1590,ihndeliver.dynv6.net,1,,,53
1591,feburarydocmydns.bz,1,,,53
1592,edoc.npaprildoc.dynv6.net,1,,,53
1593,edoc.htdocmodify.mydns.bz,1,,,53
1594,edoc.baroitda.co.kr,1,,,53
1595,docinf.docusraccess.mydns.bz,1,,,53
1596,150nhsmobiles.mydns.bz,1,,,53
1597,ntmobileuser.mydns.bz,1,,,53
1598,htdocmodify.mydns.bz,1,,,53
1599,appdeliverlist.dynuddns.com,1,,,53
1600,247.219.150edoc.npsdkimrecord.mydns.bz,1,,,53
1601,requestmbl27s.dynv6.net,1,,,53
1602,ntxnodemydns.bz,1,,,53
1603,ipsessioncheck.giize.com,1,,,53
1604,info.requestmbl27s.dynv6.net,1,,,53
1605,info.mem-authcenter38s.dynv6.net,1,,,53
1606,glu.n-e.kr,1,,,53
1607,galfioneycia.com.ar,1,,,53
1608,allmedicalterm.com,1,,,53
1609,yccbkk.auth-umblog74s.dynv6.net,1,,,53
1610,userinfo.baroitda.co.kr,1,,,53
1611,requestmbl43s.dynv6.net,1,,,53
1612,ntplnk8s.dynv6.net,1,,,53
1613,ntplnk1s.dynv6.net,1,,,53
1614,nhsmobiles.mydns.bz,1,,,53
1615,nhgojilist.dynuddns.net,1,,,53
1616,ncorprecord.dynv6.net,1,,,53
1617,info.nhireferal.mydns.bz,1,,,53
1618,info.handleublog.dynv6.net,1,,,53
1619,edoc.addridentity.dynv6.net,1,,,53
1620,doc.docreflink.mydns.bz,1,,,53
1621,auth-umblog68s.dynv6.net,1,,,53
1622,addridentity.dynv6.net,1,,,53
1623,userinfo.htdocmodify.mydns.bz,1,,,53
1624,ninlineid36s.dynv6.net,1,,,53
1625,invoice.appdeliverlist.dynuddns.com,1,,,53
1626,invoice.addridentity.dynv6.net,1,,,53
1627,info.ipsessioncheck.giize.com,1,,,53
1628,edoc.ntverifyrecord.mydns.bz,1,,,53
1629,edoc.ninlineid3s.dynv6.net,1,,,53
1630,auth-umblog62s.dynv6.net,1,,,53
1631,auth-umblog47s.dynv6.net,1,,,53
1632,auth-umblog44s.dynv6.net,1,,,53
1633,247.219.150nhsmobiles.mydns.bz,1,,,53
1634,219.150userinfo.nhsmobiles.mydns.bz,1,,,53
1635,158.247.219.150nhsmobiles.mydns.bz,1,,,53
1636,auth.servepics.com,1,,,53
1637,npsdkimrecord.mydns.bz,1,,,53
1638,nkv-usrprofile.mydns.bz,1,,,53
1639,ninlineid42s.dynv6.net,1,,,53
1640,invoice.handleublog.dynv6.net,1,,,53
1641,info.ninlineid42s.dynv6.net,1,,,53
1642,auth-umblog61s.dynv6.net,1,,,53
1643,auth-umblog53s.dynv6.net,1,,,53
1644,ycuanbg.auth-umblog84s.dynv6.net,1,,,53
1645,userinfo.npsdkimrecord.mydns.bz,1,,,53
1646,userinfo.garmanage.com,1,,,53
1647,userinfo.authenticateterm.gleeze.com,1,,,53
1648,ntsaccessmember.mydns.bz,1,,,53
1649,nphostinvoice.mydns.bz,1,,,53
1650,npaddingdoc.mydns.bz,1,,,53
1651,invoice.ninlineid28s.dynv6.net,1,,,53
1652,info.galfioneycia.com.ar,1,,,53
1653,edoc.ipsessioncheck.giize.com,1,,,53
1654,baroitda.co.kr,1,,,53
1655,auth-umblog72s.dynv6.net,1,,,53
1656,auth-umblog69s.dynv6.net,1,,,53
1657,auth-umblog49s.dynv6.net,1,,,53
1658,158.247.219.150userinfo.nhsmobiles.mydns.bz,1,,,53
1659,userinfo.ninlineid24s.dynv6.net,1,,,53
1660,ntverifyrecord.mydns.bz,1,,,53
1661,nhitargetdoc.mydns.bz,1,,,53
1662,nbaseinvoice.mydns.bz,1,,,53
1663,mem-authcenter73s.dynv6.net,1,,,53
1664,mem-authcenter4s.dynv6.net,1,,,53
1665,kxiotxrk.auth-umblog85s.dynv6.net,1,,,53
1666,invoice.ntxnodeinvoice.mydns.bz,1,,,53
1667,invoice.mem-authcenter3s.dynv6.net,1,,,53
1668,infverifyuser.dynv6.net,1,,,53
1669,info.appdeliverlist.dynuddns.com,1,,,53
1670,nphostmydns.bz,1,,,53
1671,ninlineid9s.dynv6.net,1,,,53
1672,nhireferal.mydns.bz,1,,,53
1673,mem-authcenter46s.dynv6.net,1,,,53
1674,invoice.ipsessioncheck.giize.com,1,,,53
1675,ihcorppost.dynv6.net,1,,,53
1676,auth-umblog85s.dynv6.net,1,,,53
1677,auth-umblog76s.dynv6.net,1,,,53
1678,auth-umblog54s.dynv6.net,1,,,53
1679,auth-umblog52s.dynv6.net,1,,,53
1680,auth-umblog34s.dynv6.net,1,,,53
1681,219.150nhsmobiles.mydns.bz,1,,,53
1682,158.247.219.150edoc.npsdkimrecord.mydns.bz,1,,,53
1683,homeatedke.store,1,,,54
1684,philion.store,1,,,54
1685,hightkdhe.store,1,,,54
1686,jlrandsons.co.uk,1,,,54
1687,monderhouse.space,1,,,54
1688,darklights.store,1,,,54
1689,socialteams.store,1,,,54
1690,pstatic.autos,1,,,54
1691,responsive.pstatic.autos,1,,,54
1692,smartnords.site,1,,,54
1693,worksongo.store,1,,,54
1694,grip-cdns.space,1,,,54
1695,cleanos.online,1,,,54
1696,primgs.lol,1,,,54
1697,img.socialteams.store,1,,,54
1698,img.darklights.store,1,,,54
1699,img.monderhouse.space,1,,,54
1700,app.cleanos.online,1,,,54
1701,show.grip-cdns.space,1,,,54
1702,www.primgs.lol,1,,,54
1703,www.grip-cdns.space,1,,,54
1704,img.smartnords.site,1,,,54
1705,img.responsive.pstatic.autos,1,,,54
1706,img.worksongo.store,1,,,54
1707,admin.primgs.lol,1,,,54
1708,www.navercorp.ru,1,,,54
1709,www.jquery.services,1,,,54
1710,gallery.jquery.services,1,,,54
1711,slider.jquery.services,1,,,54
1712,ui.jquery.services,1,,,54
1713,mail.safe-account-go.com,1,,,54
1714,webmail.safe-account-go.com,1,,,54
1715,m.safe-account-go.com,1,,,54
1716,www.safe-account-go.com,1,,,54
1717,ww1.aerofl0t.com,1,,,54
1718,crowdon.info,1,,,54
1719,260120.vercel.app,1,,,55
1720,app.gumlet.us,1,,,55
1721,app.harqen.us,1,,,55
1722,app.insighboard.com,1,,,55
1723,app.survicate.us,1,,,55
1724,app.toptiercrew.com,1,,,55
1725,app.vervoe.org,1,,,55
1726,app.vervoe.us,1,,,55
1727,app.vidcruiter.us,1,,,55
1728,app.visionaryte.org,1,,,55
1729,autonomousconsensuspipelines.cloud,1,,,55
1730,blocktechtalent.com,1,,,55
1731,decentralizeddataexchangeinferencelayer.com,1,,,55
1732,default-configuration.vercel.app,1,,,55
1733,deoft.com,1,,,55
1734,felixpools.vercel.app,1,,,55
1735,georgeservice77.vercel.app,1,,,55
1736,happychickenmrs.com,1,,,55
1737,harqen.us,1,,,55
1738,highmatch.pro,1,,,55
1739,hiring-you.com,1,,,55
1740,ip-api-check-nine.vercel.app,1,,,55
1741,kenaikoda.com,1,,,55
1742,kit-haus.net,1,,,55
1743,measureaptitudes.com,1,,,55
1744,me-c0h.pages.dev,1,,,55
1745,medincahub.com,1,,,55
1746,menchro.pro,1,,,55
1747,mindfulbiz.link,1,,,55
1748,mlischagori.pro,1,,,55
1749,modelatelier.club,1,,,55
1750,mopquanta.pro,1,,,55
1751,moxtern.com,1,,,55
1752,onchainmodeltraining.com,1,,,55
1753,selfhonda.com,1,,,55
1754,tasksettingsnew.vercel.app,1,,,55
1755,teams.onlivecall.com,1,,,55
1756,test-assesment-kk37hvtef-mahs-projects-03bae667.vercel.app,1,,,55
1757,vector-foundry.com,1,,,55
1758,veeki.org,1,,,55
1759,venceos.pages.dev,1,,,55
1760,vereoy.com,1,,,55
1761,vereoy.pages.dev,1,,,55
1762,vervoe.org,1,,,55
1763,vervoe.us,1,,,55
1764,viasto.us,1,,,55
1765,vidcruiter.us,1,,,55
1766,video-hiring.com,1,,,55
1767,vscode-marketplace-badge.vercel.app,1,,,55
1768,vscode-settings-tasks-json.vercel.app,1,,,55
1769,vscodesetting-task.vercel.app,1,,,55
1770,vscodeweb.vercel.app,1,,,55
1771,admin.inboxsession.info,1,,,56
1772,auth.allcloudindex.com,1,,,56
1773,document.mailboxarea.cloud,1,,,56
1774,document.webmailsession.com,1,,,56
1775,emails-cloud.com,1,,,56
1776,ex.wincorpupdates.com,1,,,56
1777,filecenter.online,1,,,56
1778,filereader.online,1,,,56
1779,inbox.docworldme.com,1,,,56
1780,mailboxdownload.com,1,,,56
1781,message.mailboxarea.cloud,1,,,56
1782,mosreg.docworldme.com,1,,,56
1783,openpdfllc.com,1,,,56
1784,ss.qwadx.com,1,,,56
1785,sss.qwadx.com,1,,,56
1786,0we-23321288730303135354430303244303010000.cybersecnet.org,1,,,57
1787,11192521404255.defenderlive.com,1,,,57
1788,15.au.download.windowsupdatecdn.com,1,,,57
1789,234386073.web-traffic.info,1,,,57
1790,2569303238633162613735655e4445534b544f502d4a514b474b4755.defenderstatus.com,1,,,57
1791,3375256f323230325e3330.defenderstatus.com,1,,,57
1792,3b1an6xegqlkix_0915130626f6e6c696e6530041.cybersecnet.co.za,1,,,57
1793,8x3_17475305230303136334545424341373310000.excsrvcdn.com,1,,,57
1794,auha_10274044530383030323734414632413410000.online-analytic.com,1,,,57
1795,blog.online-analytic.com,1,,,57
1796,cdn.dnscdn.org,1,,,57
1797,csp.micrsoftonline.net,1,,,57
1798,hawkmailing.com,1,,,57
1799,hfkhhnlohfrvq.6grex9cjh1.uctpostgraduate.com,1,,,57
1800,hfrhh9la.u17t8.centosupdatecdn.com,1,,,57
1801,hostmaster.cybersecnet.org,1,,,57
1802,hostmaster.web-traffic.info,1,,,57
1803,hq7hhnlohqktw.69imhria.uctpostgraduate.com,1,,,57
1804,hqcehnlahq.f9aqdpcsh1.centosupdatecdn.com,1,,,57
1805,hqchh9lt.f18t8.centosupdatecdn.com,1,,,57
1806,igc9ttu1x2obkqorke_1748154546f6e6c696e6530094.excsrvcdn.com,1,,,57
1807,ijud43l1ea4gavvwo_12575902130303036354242413743303810000.online-analytic.com,1,,,57
1808,keygeneration.net,1,,,57
1809,login.micrsoftonline.net,1,,,57
1810,m0gssjglmqkelc4iszjgfchis1nvrxeh0pagsm4osjj4.sysadminnews.info,1,,,57
1811,mail.dnsanalizer.com,1,,,57
1812,mail.dnscatalog.net,1,,,57
1813,mail.livednscdn.com,1,,,57
1814,mail.updatecdn.net,1,,,57
1815,mail.windowsupdatecdn.com,1,,,57
1816,mhivl3iiso2e8mhnszxesxxc0izvrphgs8jemm4.sysadminnews.info,1,,,57
1817,mqkel0iis8pgc0ppspnvrxeh0pagsm4osjj4.sysadminnews.info,1,,,57
1818,netsocialmedia.org,1,,,57
1819,ns1.akastatus.com,1,,,57
1820,ns1.centosupdatecdn.com,1,,,57
1821,ns1.checkinternet.org,1,,,57
1822,ns1.defenderlive.com,1,,,57
1823,ns1.defenderstatus.com,1,,,57
1824,ns1.dnscatalog.net,1,,,57
1825,ns1.hpesystem.com,1,,,57
1826,ns1.micrsoftonline.net,1,,,57
1827,ns1.securednsservice.net,1,,,57
1828,ns1.uctpostgraduate.com,1,,,57
1829,ns1.zonestatistic.com,1,,,57
1830,ns2.akastatus.com,1,,,57
1831,ns2.checkinternet.org,1,,,57
1832,ns2.defenderlive.com,1,,,57
1833,ns2.dnscatalog.net,1,,,57
1834,ns2.dnscdn.org,1,,,57
1835,ns2.hpesystem.com,1,,,57
1836,ns2.securednsservice.net,1,,,57
1837,ns2.sysadminnews.info,1,,,57
1838,ns2.uctpostgraduate.com,1,,,57
1839,ns2.web-traffic.info,1,,,57
1840,nvtgeha_06170086143323033343343334237334610000.cybersecnet.co.za,1,,,57
1841,p9nkztej8hdpy1mhejzclzl2aipgxce_1748369206f6e6c696e6530094.excsrvcdn.com,1,,,57
1842,qbk46_0914489686f6e6c696e6530041.cybersecnet.co.za,1,,,57
1843,realtimehelps.com,1,,,57
1844,rpluglb4ru6oir40_13580581230383030323744433345314410000.cybersecnet.co.za,1,,,57
1845,s.updatecdn.net,1,,,57
1846,smtp.dnscdn.org,1,,,57
1847,techlabserver.net,1,,,57
1848,webmail.dnsanalizer.com,1,,,57
1849,webmail.livednscdn.com,1,,,57
1850,webmail.updatecdn.net,1,,,57
1851,webmail.web-traffic.info,1,,,57
1852,webmail.windowsupdatecdn.com,1,,,57
1853,webmail.zonestatistic.com,1,,,57
1854,ww1.dnsstatus.org,1,,,57
1855,ww1.wsuslink.com,1,,,57
1856,ww1.zonestatistic.com,1,,,57
1857,ww12.dnsstatus.org,1,,,57
1858,ww12.planet-informer.me,1,,,57
1859,ww12.wsuslink.com,1,,,57
1860,ww126.akastatus.com,1,,,57
1861,www.akastatus.com,1,,,57
1862,www.checkinternet.org,1,,,57
1863,www.cybersecnet.org,1,,,57
1864,www.defenderstatus.com,1,,,57
1865,www.dnsanalizer.com,1,,,57
1866,www.dnscatalog.net,1,,,57
1867,www.dnscdn.org,1,,,57
1868,www.hpesystem.com,1,,,57
1869,www.livednscdn.com,1,,,57
1870,www.micrsoftonline.net,1,,,57
1871,www.ns2.securednsservice.net,1,,,57
1872,www.online-analytic.com,1,,,57
1873,www.planet-informer.me,1,,,57
1874,www.securednsservice.net,1,,,57
1875,www.updatecdn.net,1,,,57
1876,www.windowsupdatecdn.com,1,,,57
1877,www.wsuslink.com,1,,,57
1878,www.zonestatistic.com,1,,,57
1879,wwww.wsuslink.com,1,,,57
1880,xzskmwww.ns2.defenderlive.com,1,,,57
1881,yciwfgake6ojegpieh5mqtahecnuetwb.dnsstatus.org,1,,,57
1882,yciwsgrpeoojegpoet5mqtahecnuetwb.dnsstatus.org,1,,,57
1883,yynjpfu6c2qrb1tmz6jelnu_1748584486f6e6c696e6530094.excsrvcdn.com,1,,,57
1884,z-03071764035323534303046443731443210000.cybersecnet.org,1,,,57
1885,alfa-aeafa-default-rtdb.firebaseio.com,1,,,58
1886,apsbackup1.estttsec.in,1,,,58
1887,apsdighi.estttsec.in,1,,,58
1888,awesscholarship.in,1,,,58
1889,cdn.syscatec.com,1,,,58
1890,configure.syscatec.com,1,,,58
1891,cpcontacts.syscatec.com,1,,,58
1892,estttsec.in,1,,,58
1893,kpjrjwww.lvt.syscatec.com,1,,,58
1894,lucy.estttsec.in,1,,,58
1895,nicdsa.estttsec.in,1,,,58
1896,parichay.epar.in,1,,,58
1897,syscatec.com,1,,,58
1898,www.estttsec.in,1,,,58
1899,www.syscatec.com,1,,,58
